{"cameraMode":{"drawMode":0,"name":"Shaded","section":"Shading Mode"},"sceneLighting":false,"audioPlay":false,"sceneViewState":{"m_AlwaysRefresh":false,"showFog":true,"showSkybox":false,"showFlares":true,"showImageEffects":true,"showParticleSystems":true,"showVisualEffectGraphs":true,"m_FxEnabled":true},"in2DMode":false,"pivot":{"x":11.020999908447266,"y":-0.7900000214576721,"z":-1.4420599937438965},"rotation":{"x":0.022963931784033777,"y":-0.8437021374702454,"z":0.5351009964942932,"w":0.03619132563471794},"size":0.6408615112304688,"orthographic":false}