{"cameraMode":{"drawMode":0,"name":"Shaded","section":"Shading Mode"},"sceneLighting":true,"audioPlay":false,"sceneViewState":{"m_AlwaysRefresh":false,"showFog":true,"showSkybox":true,"showFlares":true,"showImageEffects":true,"showParticleSystems":true,"showVisualEffectGraphs":true,"m_FxEnabled":true},"in2DMode":false,"pivot":{"x":-1.6527239084243775,"y":20.150962829589845,"z":-1.5200475454330445},"rotation":{"x":0.45540493726730349,"y":-0.544098436832428,"z":0.4824236333370209,"w":0.5135840773582459},"size":0.16372287273406983,"orthographic":false}